codigo 1413 , GATORADE NARANJA * X6 PET 500
codigo 21863 CORONA CAN 4X6 269 CART
codigo 21862 CORONA CAN 4X6 410CC 6P CART
codigo 21856 PATAGONIA WEISSE CAN 4X6 410CC 6P CART
codigo 21853 PATAGONIA 24.7 CAN 4X6 410CC 6P CART
codigo 21849 PATAGONIA VERA IPA CAN 4X6 410CC 6P CART
codigo 21847 PATAGONIA BOHEMIAN CAN 4X6 410CC 4P CART
codigo 21844 PATAGONIA AMBER CAN 4X6 410CC 6P CART
codigo 21810 BUDWEISER CAN 4X6 410CC 6PACK
codigo 21777 AO TRIGUEÑA CAN 4X6 473CC
codigo 21741 PEPSI NF RECO 1,25L X8
codigo 21864 CORONA CAN 2X10 269 CART
codigo 21699 PDTOROS POM CAN 4X6 269CC
codigo 21685 RACK STELLA SINGLE SERVE
codigo 21684 QUILMES CAN 4X6 473 PR BOCA
codigo 21683 CORONA OW X6 330
codigo 21677 PATAGONIA ABRAZO OSO CAN X6 473 TR
codigo 21560 PATAGONIA ABRAZO OSO CAN 4X6 473 TR
codigo 21558 PATAGONIA ABRAZO DE OSO SLIM KEG 20L
codigo 21474 GLACIAR PET X6 1250 PLUS LIMONADA 4PISOS
codigo 21473 GLACIAR PET X6 1250 PLUS MANZANA ROJA 4P
codigo 21455 GLACIAR PET X6 500 PLUS MANZANA ROJA
codigo 21454 GLACIAR SG PET X6 500 PLUS LIMONADA
codigo 21698 PDTOROS TONICA CAN 4X6 269
codigo 21293 ECO DE LOS ANDES CGPR PET X12 500 PR 175
codigo 21866 STELLA ARTOIS CAN 4X6 410CC 6P CART
codigo 21902 PATAGONIA WEISSE CAN X6 473 CART
codigo 22320 NOVECENTO EXTRA DULCE OW X6 750CC
codigo 22319 NOVECENTO CABERNET OW X6 750CC
codigo 22318 ECO DE LOS ANDES SG PET X6 1000 - 192 PC
codigo 22278 ECO DE LOS ANDES SG PET X12 500 - 203 PC
codigo 22277 ECO DE LOS ANDES CG PET X12 500 - 203 PC
codigo 22275 GIFT AO CAN 4X6 473 VARIEDADES+1 COPA
codigo 22256 RED BULL REGULAR CAN 6X4 355CC
codigo 22242 HELADERA VG CASSETTE BLANCA USADA
codigo 22222 ECO DE LOS ANDES SGPR PET X12 500 PR 175
codigo 22185 GLACIAR SG PET X6 750 222 PC
codigo 21867 STELLA ARTOIS NOIRE CAN 4X6 410CC 6P CAR
codigo 22157 TARIMA ANDES TRIGUEÑA
codigo 22064 TRATENFU ALMENDRA COCO X8 1000
codigo 22062 TRATENFU ALMENDRA VAINILLA X8 1L
codigo 22057 TRATENFU ALMENDRA X8 1L
codigo 22017 PATAGONIA HOPPY LAGER CAN 2X10 269
codigo 21974 PEPSI COLA RECO X8 2,25L
codigo 21973 PEPSI NF PET X12 500
codigo 21972 PEPSI NF PET X9 0,250 L
codigo 21971 7-UP NF CAN 4X6 354
codigo 21970 7-UP NF PET X9 0,250 L
codigo 21967 PEPSI CAN 4X6 354 NF
codigo 22134 P HOPPY L CAN X10 269
codigo 21287 HELADERA SLIM 3 BAND MET BRAHMA
codigo 21283 HELADERA SLIM 3 BAND MET PEPSI BLACK
codigo 21276 HELADERA SLIM 3 BAND MET QUILMES
codigo 19716 HELADERA BRAHMA SLIM R290
codigo 19665 CUBREPALLET CORONA 19
codigo 19662 RED BULL SF CAN X24 0,250L
codigo 19661 RED BULL REGULAR CAN X24 355
codigo 19587 QUILMES RED LAGER CAN X6 473
codigo 19542 ANDES ORIGEN RUBIA SLIM KEG 20L
codigo 19539 ANDES ORIGEN ROJA EURO KEG 20L
codigo 19538 ANDES ORIGEN ROJA SLIM KEG 20L
codigo 19534 QUILMES RED LAGER CAN 4X6 473
codigo 19532 ANDES ORIGEN VENDIMIA OW X6 740
codigo 19759 GDC 2019 AS PAÑO CALIENTE GA
codigo 19529 PATAGONIA F IPA CAN 4X6 473 CART
codigo 19497 STELLA ARTOIS CAN 4X6 473 PR CART
codigo 19399 ANDES ORIGEN IPA CAN X6 473
codigo 19372 PATAGONIA AMBER CAN 4X6 473 TRANSP
codigo 19365 PATAGONIA IPA CAN 4X6 473 TRANSP
codigo 19348 BUDWEISER CAN 4X6 473 PROMO
codigo 19342 7 -UP RECO X8 2250 NF
codigo 19339 7-UP PET X6 3000 NF
codigo 19338 7-UP PET X8 2250 NF
codigo 19337 7-UP PET X6 1500 NF
codigo 19336 7-UP PET X12 500 NF
codigo 19498 PATAGONIA WEISSE CAN 4X6 473 CART
codigo 20161 RACK BUDWEISER GT 2019
codigo 20165 TARIMA BUDWEISER GT 2019
codigo 20356 HANOVER RET X12 1000
codigo 21062 HELADERA STELLA ARTOIS SLIM
codigo 21033 CORONA OW 4X6 330 IMPO
codigo 21014 ECO DE LOS ANDES SG PET X6 2000 PR 115 P
codigo 20998 BUDWEISER RET X12 1000 PR
codigo 20996 PATAGONIA KUNE CAN X6 473 CART
codigo 20995 PATAGONIA BOHEMIAN CAN 4X6 0,473L TR
codigo 20994 PATAGONIA BOHEMIAN CAN X6 0,473 CART
codigo 20991 PATAGONIA VERA IPA SLIM KEG 20L
codigo 20810 BRAHMA LIME CAN 4X6 269
codigo 20808 PATAGONIA VERA IPA CAN 4X6 CART
codigo 20746 PATAGONIA CRAFT LAGER EURO KEGE20L
codigo 20668 PDTOROS POM FREE RECO X8 2000
codigo 20635 GATORADE FIERCE BERRY PET X6 300ML
codigo 20634 GATORADE FIERCE UVA PET X6 300ML
codigo 20471 PATAGONIA HOPPY LAGER OW X6 730
codigo 20468 QUILMES RED LAGER RET X12 1000
codigo 20460 SOMBRILLA CORONA TOP2019
codigo 20453 SOMBRILLA STELLA ARTOIS TOP 2019
codigo 20446 PATAGONIA FERNANDEZ IPA KEG 30L
codigo 20433 CORONA OW X12 710
codigo 20412 CORONA OW X24 330
codigo 20360 PATAGONIA KUNE CAN 4X6 473 CART
codigo 20358 PATAGONIA BOHEMIAN CAN 4X6 0,473L CART
codigo 22321 NOVECENTO RAICES CABERN OW X6 750CC
codigo 22327 NOVECENTO EXTRA BRUT OW X6 750CC
codigo 22328 NOVECENTO RAICES MALBEC OW X6 750CC
codigo 22329 NOVECENTO MALBEC OW X6 750CC
codigo 24253 GATORADE OW BOT COOL BLUE X6 300CC
codigo 24252 GATORADE OW BOT FRUT TROP X6 300CC
codigo 24248 STELLA ARTOIS OW X6 710CC
codigo 24246 GP BRAHMA LONA + 6 CAN 473CC
codigo 24226 LPQTP ESPUMANTE OW X6 750CC
codigo 24180 VASO PEPSI 500CC
codigo 24177 VASO 7UP 500CC
codigo 24167 PDTOROS POM SA RET BOT PET X8 2000CC
codigo 24145 GP GATORADE CARAMANOLA + 2 BT 500CC
codigo 24118 ROCKSTAR OW BOT X6 500CC
codigo 24286 GP STELLA CHALICE VINTAGE + 4 CAN 473CC
codigo 24092 GP STELLA 2 CHALICES + 4 BT 330ML
codigo 24071 RED BULL CAN 6X4 TROP EDITION 0,250 L 
codigo 24012 BRAHMA DORADA OW X6 710CC
codigo 24011 ANDES ORIGEN ROJA CAN 2X10 269CC CART
codigo 23947 GP PATAGONIA COPA TULIPA + 4 AMBER 473CC
codigo 23903 7-UP NF CAN X6 354CC
codigo 23902 PEPSI NF CAN X6 354CC
codigo 23884 PING VINO RED BLEND RET X12 V850
codigo 23883 PING VINO BLANCO RET X12 V850
codigo 23882 PING VINO ROSADO RET X12 V850
codigo 23319 QUILMES CLASICA OW X6 740CC PR
codigo 24075 RED BULL CAN X4 TROP EDITION 0,250 L
codigo 24291 ANDES ORIGEN ROJA CAN X10 269 CART
codigo 24343 LPQTP CHARMAT LUNGO EX OW X6 750CC
codigo 24371 MICHELOB ULTRA CAN 4X6 410CC CART
codigo 24968 SIDRA 1930 DEMI SEC X6 750CC
codigo 24967 SIDRA 1930 DOLCE X6 750CC
codigo 24966 SIDRA 1930 PERA X6 500CC
codigo 24965 SIDRA 1930 DOLCE SEC X6 500CC
codigo 24964 SIDRA 1930 DEMI SEC X6 500CC
codigo 24962 SIDRA 1930 PERA X6 750CC
codigo 24961 ANDES ORIGEN IPA CAN 6X4 473CC 4PACK
codigo 24919 GP CORONA BT X2 330CC + BOTELLA
codigo 24918 GP STELLA ARTOIS CAN X6 473CC+DELANTA MC
codigo 24915 HELADERA FULL GLASS VG QUILMES
codigo 24909 HELADERA FULL GLASS VG PEPSI
codigo 24882 STELLA ARTOIS OW PM X6 710CC
codigo 24721 BLASFEMIA TINTO CAN X24 269CC
codigo 24720 BLASFEMIA ROSADO CAN X24 269CC
codigo 24717 BLASFEMIA BLANCO CAN X24 269CC
codigo 24642 TEMPLE COSMICA CAN 4X6 473CC CART
codigo 24596 STELLA ARTOIS SIN ALCOHOL 330 OW X6 IMP
codigo 24551 STELLA ARTOIS SIN ALCOHOL OW 4X6 330 IMP
codigo 24531 ANDES ORIGEN CRIOLLA CAN 4X6 473CC
codigo 24376 STELLA ARTOIS NOIRE CAN 2X10 269CC CART
codigo 24374 ANDES ORIGEN NEGRA CAN 4X6 473CC 4PACK
codigo 24373 ANDES ORIGEN RUBIA CAN 4X6 473CC 4PACK
codigo 24372 ANDES ORIGEN ROJA CAN 4X6 473CC 4PACK
codigo 23318 STELLA ARTOIS CAN 4X6 473CC PR
codigo 19254 ANDES ORIGEN IPA CAN 4X6 473
codigo 23287 PDTOROS TONICA CAN X6 269CC
codigo 23271 GP BUD VASO MESSI + 5 LATA 473CC
codigo 22474 DR RESERVA MALBEC OW X6 750CC
codigo 22468 TEMPLE SCOTTISH CAN X6 473CC CART
codigo 22467 BLASFEMIA TINTO CAN X8 269CC
codigo 22464 NOVECENTO RAICES CHARDONAY OW X6 750CC
codigo 22463 DR RESERVA BONARDA OW X6 750CC
codigo 22461 GRAN DANTE MALBEC OW X6 750CC
codigo 22459 DANTE ROBINO MALBEC OW X6 750CC
codigo 22458 DANTE ROBINO EXTRA BRUT OW X6 750CC
codigo 22457 DANTE ROBINO CHARDONAY OW X6 750CC
codigo 22456 DANTE ROBINO BONARDA OW X6 750CC
codigo 22478 DANTE ROBINO CABERNET OW 750 X6
codigo 22455 CAPRICCIO FIORE OW X6 750CC
codigo 22452 NOVECENTO CHARDONAY OW X6 750CC
codigo 22442 TEMPLE HONEY CAN 4X6 473CC CART
codigo 22440 TEMPLE WOLF IPA CAN 4X6 473CC CART
codigo 22438 TEMPLE SCOTTISH CAN 4X6 473CC CART
codigo 22400 BOTINERO PEPSI UEFA 2020
codigo 22391 RED BULL REGULAR CAN X4 355CC
codigo 22390 QUILMES 0.0% CAN X6 473CC
codigo 22383 QUILMES 0.0% CAN 4X6 473CC
codigo 22382 QUILMES 0.0% CAN X24 473CC
codigo 22334 CORONA CAN X10 269CC
codigo 22454 CAPRICCIO DOLCEZZA OW X6 750CC
codigo 22484 GOOSE ISLAND CAN 4X6 473CC CART
codigo 22588 GOOSE ISLAND IPA CAN 4X6 473CC CART
codigo 22607 GOOSE ISLAND IPA CAN X6 473CC CART
codigo 23253 CORONA CAN X6 269CC CART
codigo 23235 GLACIAR SG PET X6 1250CC
codigo 23232 BUDWEISER OW X6 710 PR
codigo 23112 PATAGONIA SENDERO SUR CAN X6 473 CART
codigo 23111 PATAGONIA SOLCITRA CAN X6 473 CART
codigo 23110 ANDES ORIGEN MIEL CAN 4X6 473CC
codigo 23107 ENVASE BOTELLA PINGVINO 850CC
codigo 22992 PATAGONIA SOLCITRA CAN 4X6 473CC CART
codigo 22991 PATAGONIA SENDERO SUR CAN 4X6 473CC CART
codigo 22973 GP BRAHMA 4 VASOS PLAST + 4 CAN 473CC
codigo 22972 GP BRAHMA JENGA + 4 CAN 473CC
codigo 22971 GP ANDES NUEVO CP + 4 CAN VARIED 473CC
codigo 22970 GP ANDES PINGUINO 1L+2 CAN AO RUBIAS 473
codigo 22947 NOVECENTO ESP ROSADO VIDALITA OW 750CC
codigo 22653 TEMPLE HONEY CAN X6 473CC CART
codigo 22652 TEMPLE WOLF IPA CAN X6 473CC CART
codigo 22649 STELLA ARTOIS NOIRE CAN X6 473CC CART
codigo 22622 BUD 0,0% CAN X4 330CC CREEP
codigo 22619 MIRINDA POMELO PET X8 2250CC
codigo 22618 MIRINDA POMELO OW BOTELLA X6 3000CC
codigo 22614 STELLA ARTOIS CAN 2X10 269
codigo 22610 GROWLER 2020 HE
codigo 22608 SA NOIRE CAN 4X6 473 CART
codigo 23286 PDTOROS POMELO CAN X6 269CC
codigo 19253 ANDES ORIGEN IPA RET X12 1000
codigo 19234 GDC PEPSI BLACK 2019 AS PAÑO CALIENTE
codigo 19233 GDC PEPSI BLACK 2019 AS PAÑO FRIO
codigo 16375 RED BULL CAN 4X6 250
codigo 16372 RED BULL SUGAR FREE CAN 6X4 250
codigo 16371 RED BULL CAN 6X4 250
codigo 16370 RED BULL CAN X24 250
codigo 16315 PATAGONIA IPA CAN X24 473
codigo 16292 PATAGONIA CAN X6 473 CART
codigo 16243 IGUANA SUMMER OW X6 1000 ED LIMITADA
codigo 16225 PATAGONIA AMBER CAN 4X6 473 CART
codigo 16144 BOLSA DISTRIS NUEVA QUILMES X1 2017
codigo 16137 PEPSI BLACK CAN X6 354
codigo 16384 HELADERA ANDES ORIGEN SLIM
codigo 15624 BRAHMA CAN 4X6 269
codigo 15593 PATA OCTUBREFEST RET EURO KEG 20L
